{
  "buildCommand": "echo 'Build complete'",
  "outputDirectory": ".",
  "devCommand": "echo 'Dev server running'",
  "installCommand": "echo 'Dependencies installed'",
  "framework": null,
  "rewrites": [
    {
      "source": "/(.*)",
      "destination": "/index.html"
    }
  ],
  "headers": [
    {
      "source": "/service-worker.js",
      "headers": [
        {
          "key": "Service-Worker-Allowed",
          "value": "/"
        },
        {
          "key": "Cache-Control",
          "value": "public, max-age=0, must-revalidate"
        }
      ]
    },
    {
      "source": "/manifest.json",
      "headers": [
        {
          "key": "Content-Type",
          "value": "application/manifest+json"
        }
      ]
    }
  ],
  "public": true
}
